Workbook

Sheet DATA
E8: Product | F8: amount
E9: Tyre | F9: =I9 -> 0 | G9: VLOOKUP
E10: Battery | F10: =VLOOKUP(E10,DATA!$C$17:$F$26,2,FALSE) -> 2000
E11: Oil | F11: =VLOOKUP(E11,DATA!$C$17:$F$26,2,FALSE) -> 3000 | G11: VLOOKUP(E9,Sheet1!$C$17:$F$26,2,FALSE)
L15: Name | M15: Region | N15: Product | O15: Sales | P15: Quantity
A16: Name | B16: Region | C16: Product | D16: amount | E16: Sales | F16: Quantity | G16: PERFORMANCE | L16: Amit | M16: South | N16: Tyre | O16: 12000 | P16: 5
A17: Amit | B17: South | C17: Tyre | D17: =E17/F17 -> 2400 | E17: 12000 | F17: 5 | G17: =IF(DATA!$E17>=9000,"HIGH","LOW") -> HIGH | L17: Ravi | M17: North | N17: Battery | O17: 8000 | P17: 4
A18: Ravi | B18: North | C18: Battery | D18: =E18/F18 -> 2000 | E18: 8000 | F18: 4 | G18: =IF(DATA!$E18>=9000,"HIGH","LOW") -> LOW | H18: SUM,AVERAGE,IF | L18: Sneha | M18: East | N18: Oil | O18: 6000 | P18: 2
A19: Sneha | B19: East | C19: Oil | D19: =E19/F19 -> 3000 | E19: 6000 | F19: 2 | G19: =IF(DATA!$E19>=9000,"HIGH","LOW") -> LOW | L19: Kiran | M19: West | N19: Tyre | O19: 15000 | P19: 6
A20: Kiran | B20: West | C20: Tyre | D20: =E20/F20 -> 2500 | E20: 15000 | F20: 6 | G20: =IF(DATA!$E20>=9000,"HIGH","LOW") -> HIGH | L20: Anu | M20: South | N20: Battery | O20: 7000 | P20: 2
A21: Anu | B21: South | C21: Battery | D21: =E21/F21 -> 3500 | E21: 7000 | F21: 2 | G21: =IF(DATA!$E21>=9000,"HIGH","LOW") -> LOW | L21: Vijay | M21: North | N21: Oil | O21: 4000 | P21: 1
A22: Vijay | B22: North | C22: Oil | D22: =E22/F22 -> 4000 | E22: 4000 | F22: 1 | G22: =IF(DATA!$E22>=9000,"HIGH","LOW") -> LOW | L22: Priya | M22: East | N22: Tyre | O22: 11000 | P22: 4
A23: Priya | B23: East | C23: Tyre | D23: =E23/F23 -> 2750 | E23: 11000 | F23: 4 | G23: =IF(DATA!$E23>=9000,"HIGH","LOW") -> HIGH | L23: Arjun | M23: West | N23: Battery | O23: 9000 | P23: 3
A24: Arjun | B24: West | C24: Battery | D24: =E24/F24 -> 3000 | E24: 9000 | F24: 3 | G24: =IF(DATA!$E24>=9000,"HIGH","LOW") -> HIGH | L24: Meena | M24: South | N24: Oil | O24: 5000 | P24: 2
A25: Meena | B25: South | C25: Oil | D25: =E25/F25 -> 2500 | E25: 5000 | F25: 2 | G25: =IF(DATA!$E25>=9000,"HIGH","LOW") -> LOW | L25: Rahul | M25: North | N25: Tyre | O25: 13000 | P25: 5
A26: Rahul | B26: North | C26: Tyre | D26: =E26/F26 -> 2600 | E26: 13000 | F26: 5 | G26: =IF(DATA!$E26>=9000,"HIGH","LOW") -> HIGH
A27: Total | D27: =SUBTOTAL(109,DATA!$D$17:$D$26) -> 28250 | E27: =SUBTOTAL(109,DATA!$E$17:$E$26) -> 90000 | F27: =SUBTOTAL(109,DATA!$F$17:$F$26) -> 34
A28: Average sales | D28: =AVERAGE(DATA!$D$17:$D$26) -> 2825 | E28: =AVERAGE(DATA!$E$17:$E$26) -> 9000
B30: SUM(E17:E26)
B31: AVERAGE(D17:D26)
B32: IF(DATA!$E18>=9000,"HIGH","LOW") | H32: SUMIF | K32: COUNTIF | N32: MIN,MAX,XLOOKUP
H34: product | I34: totals | K34: PERFORMANCE | L34: COUNT | N34: SALES | O34: TOTALS | P34: PRODUCT
G35: 51000 | H35: Tyre | I35: =SUMIF(DATA!$C$17:$E$26,C17,DATA!$E$17:$E$26) -> 51000 | K35: HIGH | L35: =COUNTIF(DATA!$G$17:$G$26,G17) -> 5 | N35: MINIMUM SALES | O35: =MIN(DATA!$I$35:$I$37) -> 15000 | P35: =_xlfn.XLOOKUP(O35,$G$35:$G$37,DATA!$H$35:$H$37) -> Oil
G36: 24000 | H36: Battery | I36: =SUMIF(DATA!$C$17:$E$26,C18,DATA!$E$17:$E$26) -> 24000 | K36: LOW | L36: =COUNTIF(DATA!$G$17:$G$26,G18) -> 5 | N36: MAXIMUM SALES | O36: =MAX(DATA!$I$35:$I$37) -> 51000 | P36: {=_xlfn.XLOOKUP(O36,$G$35:$G$37,DATA!$H$35:$H$37)} -> Tyre
G37: 15000 | H37: Oil | I37: =SUMIF(DATA!$C$17:$E$26,C19,DATA!$E$17:$E$26) -> 15000
N38: MIN(I35:I37)
G39: SUMIF(C17:E26,C17,E17:E26) | K39: COUNTIF(G17:G26,G17) | N39: MAX(I35:I37)
N40: XLOOKUP(O35,$G$35:$G$37,H35:H37)
